2020-03-14,Switch,Super Mario Party,US,1800
2020-03-15,Switch,Super Mario Party,US,300
2020-03-19,Switch,Animal Crossing: New Horizons,US,8100
2020-03-20,Switch,Animal Crossing: New Horizons,US,9000
2020-03-20,Switch,Super Mario Party,US,9000
2020-03-21,Switch,Animal Crossing: New Horizons,US,2700
2020-03-22,Switch,Animal Crossing: New Horizons,US,10800
2020-03-23,Switch,Animal Crossing: New Horizons,US,10800
2020-03-24,Switch,Animal Crossing: New Horizons,US,6300
2020-03-25,Switch,Animal Crossing: New Horizons,US,6300
2020-03-26,Switch,Animal Crossing: New Horizons,US,1800
2020-03-26,Switch,Super Mario Party,US,6300
2020-03-27,Switch,Animal Crossing: New Horizons,US,12600
2020-03-28,Switch,Animal Crossing: New Horizons,US,12600
2020-03-29,Switch,Animal Crossing: New Horizons,US,9900
2020-03-30,Switch,Animal Crossing: New Horizons,US,4500
2020-03-31,Switch,Animal Crossing: New Horizons,US,9000
2020-04-01,Switch,Animal Crossing: New Horizons,US,8100
2020-04-02,Switch,Animal Crossing: New Horizons,US,11700
2020-04-03,Switch,Animal Crossing: New Horizons,US,10800
2020-04-04,Switch,Animal Crossing: New Horizons,US,8100
2020-04-05,Switch,Overcooked! 2,US,5400
2020-04-05,Switch,Animal Crossing: New Horizons,US,900
2020-04-06,Switch,Animal Crossing: New Horizons,US,10800
2020-04-07,Switch,Animal Crossing: New Horizons,US,1800
2020-04-08,Switch,Animal Crossing: New Horizons,US,4500
2020-04-09,Switch,Animal Crossing: New Horizons,US,3600
2020-04-10,Switch,Animal Crossing: New Horizons,US,4500
2020-04-11,Switch,Animal Crossing: New Horizons,US,6300
2020-04-12,Switch,Animal Crossing: New Horizons,US,7200
2020-04-13,Switch,Animal Crossing: New Horizons,US,7200
2020-04-14,Switch,Overcooked! 2,US,1800
2020-04-14,Switch,Animal Crossing: New Horizons,US,300
2020-04-15,Switch,Animal Crossing: New Horizons,US,900
2020-04-17,Switch,Animal Crossing: New Horizons,US,11700
2020-04-18,Switch,Overcooked! 2,US,900
2020-04-18,Switch,Super Mario Party,US,2700
2020-04-18,Switch,Animal Crossing: New Horizons,US,18000
2020-04-19,Switch,Animal Crossing: New Horizons,US,7200
2020-04-20,Switch,Animal Crossing: New Horizons,US,8100
2020-04-21,Switch,Animal Crossing: New Horizons,US,900
2020-04-22,Switch,Animal Crossing: New Horizons,US,5400
2020-04-24,Switch,Animal Crossing: New Horizons,US,3600
2020-04-25,Switch,Animal Crossing: New Horizons,US,900
2020-04-26,Switch,Animal Crossing: New Horizons,US,2700
2020-04-27,Switch,Animal Crossing: New Horizons,US,4500
2020-04-28,Switch,Animal Crossing: New Horizons,US,3600
2020-04-30,Switch,Animal Crossing: New Horizons,US,13500
2020-05-02,Switch,Animal Crossing: New Horizons,US,3600
2020-05-03,Switch,Animal Crossing: New Horizons,US,4500
2020-05-04,Switch,Animal Crossing: New Horizons,US,5400
2020-05-05,Switch,Animal Crossing: New Horizons,US,2700
2020-05-08,Switch,Mario Kart 8 Deluxe,US,2700
2020-05-08,Switch,Animal Crossing: New Horizons,US,3600
2020-05-09,Switch,Animal Crossing: New Horizons,US,4500
2020-05-10,Switch,Animal Crossing: New Horizons,US,900
2020-05-11,Switch,Animal Crossing: New Horizons,US,4500
2020-05-12,Switch,Animal Crossing: New Horizons,US,3600
2020-05-14,Switch,Animal Crossing: New Horizons,US,900
2020-05-16,Switch,Mario Kart 8 Deluxe,US,3600
2020-05-16,Switch,Super Mario Party,US,2700
2020-05-16,Switch,Animal Crossing: New Horizons,US,2700
2020-05-19,Switch,Mario Kart 8 Deluxe,US,9900
2020-05-21,Switch,Mario Kart 8 Deluxe,US,300
2020-05-21,Switch,Animal Crossing: New Horizons,US,4500
2020-05-24,Switch,Animal Crossing: New Horizons,US,7200
2020-05-28,Switch,Animal Crossing: New Horizons,US,3600
2020-05-30,Switch,Animal Crossing: New Horizons,US,2700
2020-05-31,Switch,Animal Crossing: New Horizons,US,900
2020-06-05,Switch,Super Mario Party,US,2700
2020-06-06,Switch,Super Mario Party,US,3600
2020-06-07,Switch,Super Mario Party,US,3600
2020-06-08,Switch,Mario Kart 8 Deluxe,US,3600
2020-06-08,Switch,Super Mario Party,US,2700
2020-06-09,Switch,Super Mario Party,US,9000
2020-06-12,Switch,Animal Crossing: New Horizons,US,4500
2020-06-13,Switch,Mario Kart 8 Deluxe,US,3600
2020-06-14,Switch,Animal Crossing: New Horizons,US,2700
2020-06-19,Switch,Animal Crossing: New Horizons,US,4500
2020-06-22,Switch,Animal Crossing: New Horizons,US,1800
2020-06-23,Switch,Animal Crossing: New Horizons,US,5400
2020-06-24,Switch,Animal Crossing: New Horizons,US,2700
2020-06-26,Switch,Animal Crossing: New Horizons,US,900
2020-06-27,Switch,Animal Crossing: New Horizons,US,900
2020-07-04,Switch,Animal Crossing: New Horizons,US,5400
2020-07-05,Switch,Animal Crossing: New Horizons,US,3600
2020-07-06,Switch,Animal Crossing: New Horizons,US,1800
2020-07-08,Switch,Animal Crossing: New Horizons,US,900
2020-07-09,Switch,Animal Crossing: New Horizons,US,9900
2020-07-10,Switch,Animal Crossing: New Horizons,US,5400
2020-07-11,Switch,Animal Crossing: New Horizons,US,2700
2020-07-12,Switch,Animal Crossing: New Horizons,US,1800
2020-07-13,Switch,Animal Crossing: New Horizons,US,2700
2020-07-15,Switch,Animal Crossing: New Horizons,US,2700
2020-07-16,Switch,Animal Crossing: New Horizons,US,4500
2020-07-17,Switch,Animal Crossing: New Horizons,US,1800
2020-07-20,Switch,Animal Crossing: New Horizons,US,4500
2020-07-21,Switch,Animal Crossing: New Horizons,US,900
2020-07-22,Switch,Animal Crossing: New Horizons,US,900
2020-07-24,Switch,Mario Kart 8 Deluxe,US,300
2020-07-24,Switch,Animal Crossing: New Horizons,US,3600
2020-07-25,Switch,Animal Crossing: New Horizons,US,1800
2020-07-27,Switch,Animal Crossing: New Horizons,US,2700
2020-07-29,Switch,Animal Crossing: New Horizons,US,900
2020-07-31,Switch,Animal Crossing: New Horizons,US,2700
2020-08-01,Switch,Animal Crossing: New Horizons,US,4500
2020-08-06,Switch,Animal Crossing: New Horizons,US,5400
2020-08-07,Switch,Animal Crossing: New Horizons,US,300
2020-08-08,Switch,Mario Kart 8 Deluxe,US,1800
2020-08-08,Switch,Overcooked! 2,US,900
2020-08-11,Switch,Animal Crossing: New Horizons,US,1800
2020-08-16,Switch,Animal Crossing: New Horizons,US,2700
2020-08-28,Switch,Overcooked! 2,US,7200
2020-09-05,Switch,Animal Crossing: New Horizons,US,3600
2020-09-06,Switch,Overcooked! 2,US,4500
2020-09-12,Switch,Mario Kart 8 Deluxe,US,900
2020-09-12,Switch,Overcooked! 2,US,300
2020-09-14,Switch,Animal Crossing: New Horizons,US,1800
2020-10-06,Switch,Overcooked! 2,US,8100
2020-10-11,Switch,Overcooked! 2,US,300
2020-11-29,Switch,Animal Crossing: New Horizons,US,300
2020-12-04,Switch,Overcooked! 2,US,9900
2020-12-28,Switch,Pikmin 3 Deluxe,US,900
2020-12-29,Switch,Pikmin 3 Deluxe,US,3600
2021-01-03,Switch,Mario Kart 8 Deluxe,US,2700
2021-01-16,Switch,Mario Kart 8 Deluxe,US,900
2021-01-30,Switch,Mario Kart 8 Deluxe,US,900
2021-02-04,Switch,Mario Kart 8 Deluxe,US,300
2021-02-11,Switch,Mario Kart 8 Deluxe,US,1800
2021-04-02,Switch,Mario Kart 8 Deluxe,US,6300
2021-06-12,Switch,Super Mario Party,US,2700
2021-06-13,Switch,Super Mario Party,US,3600
2021-06-14,Switch,Super Mario Party,US,300
2021-06-16,Switch,Super Mario Party,US,3600
2021-11-22,Switch,Mario Kart 8 Deluxe,US,1800
2022-01-02,Switch,Mario Party Superstars,US,300
2022-01-03,Switch,Mario Party Superstars,US,7200
2022-04-11,Switch,Mario Party Superstars,US,4500
2022-09-29,Switch,Pikmin 3 Deluxe,US,1800
2022-12-25,Switch,Pikmin 3 Deluxe,US,6300
2023-03-11,Switch,Pikmin 3 Deluxe,US,3600
2023-03-24,Switch,Mario Kart 8 Deluxe,US,6300
2023-03-24,Switch,Smash Bros. Ultimate,US,300
2023-03-29,Switch,Pikmin 3 Deluxe,US,2700
2023-04-04,Switch,Smash Bros. Ultimate,US,2700
2023-04-04,Switch,Pikmin 3 Deluxe,US,300
2023-06-10,Switch,Mario Kart 8 Deluxe,US,2700
2023-06-10,Switch,Super Mario Party,US,900
2023-06-11,Switch,Mario Kart 8 Deluxe,US,2700
2023-06-20,Switch,Pikmin 1,US,3600
2023-06-27,Switch,Pikmin 1,US,3600
2023-07-01,Switch,Pikmin 4,US,6300
2023-07-18,Switch,Pikmin 4,US,300
2023-07-18,Switch,Sonic Origins,US,300
2023-07-20,Switch,Pikmin 4,US,1800
2023-07-20,Switch,Sonic Origins,US,300
2023-07-21,Switch,Pikmin 4,US,17100
2023-07-22,Switch,Pikmin 4,US,13500
2023-07-23,Switch,Pikmin 4,US,1800
2023-07-24,Switch,Pikmin 4,US,7200
2023-07-25,Switch,Pikmin 4,US,4500
2023-08-14,Switch,Pikmin 4,US,300
2023-08-19,Switch,Pikmin 4,US,1800
2023-08-27,Switch,Pikmin 4,US,3600
2023-08-28,Switch,Pikmin 4,US,2700
2023-09-05,Switch,Pikmin 4,US,1800
2023-09-23,Switch,Sonic Origins,US,900
2023-10-01,Switch,Pikmin 4,US,900
2023-10-01,Switch,Sonic Origins,US,300
2023-10-02,Switch,Pikmin 4,US,3600
2023-12-28,Switch,Super Mario RPG,US,2700
2023-12-29,Switch,Super Mario RPG,US,6300
2023-12-30,Switch,Super Mario RPG,US,1800
2024-01-13,Switch,Super Mario RPG,US,900
2024-02-04,Switch,Super Mario Bros. Wonder,US,4500
2024-02-06,Switch,Super Mario RPG,US,2700
2024-02-09,Switch,Super Mario RPG,US,1800
2024-02-21,Switch,Super Mario Bros. Wonder,US,4500
2024-03-28,Switch,Super Mario RPG,US,5400
2024-04-01,Switch,Super Mario Bros. Wonder,US,2700
2024-04-07,Switch,Super Mario Bros. Wonder,US,5400
2024-05-02,Switch,Super Mario RPG,US,6300
2024-05-05,Switch,Super Mario Bros. Wonder,US,3600
2024-05-27,Switch,Paper Mario: The Thousand-Year Door,US,3600
2024-05-30,Switch,Paper Mario: The Thousand-Year Door,US,6300
2024-05-31,Switch,Paper Mario: The Thousand-Year Door,US,9000
2024-06-01,Switch,Paper Mario: The Thousand-Year Door,US,7200
2024-06-03,Switch,Paper Mario: The Thousand-Year Door,US,8100
2024-06-04,Switch,Paper Mario: The Thousand-Year Door,US,6300
2024-06-10,Switch,Paper Mario: The Thousand-Year Door,US,5400
2024-06-12,Switch,Paper Mario: The Thousand-Year Door,US,3600
2024-06-14,Switch,Paper Mario: The Thousand-Year Door,US,2700
2024-06-15,Switch,Paper Mario: The Thousand-Year Door,US,9000
2024-06-16,Switch,Super Mario Bros. Wonder,US,4500
2024-06-17,Switch,Paper Mario: The Thousand-Year Door,US,5400
2024-06-18,Switch,Paper Mario: The Thousand-Year Door,US,1800
2024-06-20,Switch,Paper Mario: The Thousand-Year Door,US,2700
2024-06-21,Switch,Paper Mario: The Thousand-Year Door,US,6300
2024-06-22,Switch,Paper Mario: The Thousand-Year Door,US,900
2025-06-07,Switch,Overcooked! 2,US,2700
2025-06-08,Switch,Pikmin 2,US,6300
2025-07-20,Switch,Mario Kart World,US,300
2025-07-21,Switch,Mario Kart World,US,300
2025-07-21,Switch,Pikmin 2,US,1800
2025-07-22,Switch,Pikmin 2,US,300
2025-07-28,Switch,Mario Kart World,US,2700
2025-08-05,Switch,Mario Kart World,US,8100
2025-08-11,Switch,Sonic Origins,US,300
2025-08-25,Switch,Sonic Origins,US,300
2025-09-28,Switch,Mario Kart World,US,2700
2025-09-29,Switch,Mario Kart World,US,900
2025-10-12,Switch,Mario Kart World,US,3600
2025-10-13,Switch,Super Mario Odyssey,US,4500
2025-10-14,Switch,Super Mario Odyssey,US,7200
2025-10-15,Switch,Super Mario Odyssey,US,3600
2025-10-17,Switch,Mario Kart World,US,2700
2025-10-17,Switch,Mario Kart World,US,900
2025-10-18,Switch,Super Mario Odyssey,US,900
2025-10-18,Switch,Mario Kart World,US,1800
2025-10-21,Switch,Super Mario Odyssey,US,900
2025-11-04,Switch,Mario Kart World,US,3600
2025-11-07,Switch,Kirby Air Riders,US,2700
2025-11-07,Switch,Mario Kart World,US,7200
2025-11-08,Switch,Mario Kart World,US,300
2025-11-10,Switch,Pikmin 4,US,3600
2025-11-12,Switch,Kirby Air Riders,US,300
2025-11-12,Switch,Pikmin 4,US,300
2025-11-17,Switch,Mario Kart World,US,5400
2025-11-19,Switch,Kirby Air Riders,US,4500
2025-11-21,Switch,Kirby Air Riders,US,900
2025-11-24,Switch,Kirby Air Riders,US,2700
2025-11-25,Switch,Kirby Air Riders,US,3600
2025-11-26,Switch,Kirby Air Riders,US,300
2025-11-27,Switch,Kirby Air Riders,US,2700
2025-11-28,Switch,Kirby Air Riders,US,900
2025-12-01,Switch,Kirby Air Riders,US,900
2025-12-02,Switch,Kirby Air Riders,US,900
2025-12-03,Switch,Kirby Air Riders,US,300
2025-12-06,Switch,Kirby Air Riders,US,1800
2025-12-10,Switch,Kirby Air Riders,US,1800
2025-12-13,Switch,Kirby Air Riders,US,900
2025-12-14,Switch,Kirby Air Riders,US,2700
2025-12-16,Switch,Kirby Air Riders,US,6300
2025-12-17,Switch,Kirby Air Riders,US,300
2025-12-21,Switch,Kirby Air Riders,US,900
2025-12-30,Switch,Kirby Air Riders,US,1800
2025-12-31,Switch,Kirby Air Riders,US,900
2026-01-01,Nintendo Classics,The Legend of Zelda: Link's Awakening,US,2700
2026-01-02,Nintendo Classics,The Legend of Zelda: Link's Awakening,US,900
2026-01-03,Nintendo Classics,The Legend of Zelda: Link's Awakening,US,3600
2026-01-07,Switch,The Legend of Zelda: Link's Awakening,US,300
2026-01-08,Switch,The Legend of Zelda: Link's Awakening,US,900
2026-01-10,Switch,The Legend of Zelda: Link's Awakening,US,4500
2026-01-11,Switch,The Legend of Zelda: Link's Awakening,US,4500
2026-01-14,Switch,The Legend of Zelda: Link's Awakening,US,1800
2026-01-15,Switch,The Legend of Zelda: Link's Awakening,US,900
2026-01-16,Switch,The Legend of Zelda: Link's Awakening,US,4500
2026-01-17,Switch,The Legend of Zelda: Link's Awakening,US,2700
2026-01-21,Switch,The Legend of Zelda: Link's Awakening,US,2700
2026-01-21,Switch,Mario Kart World,US,1800
2026-01-22,Switch,The Legend of Zelda: Link's Awakening,US,900
2026-01-27,Switch,The Legend of Zelda: Link's Awakening,US,1800
2026-01-28,Switch,The Legend of Zelda: Link's Awakening,US,3600
2026-01-29,Switch,The Legend of Zelda: Link's Awakening,US,1800
2026-01-31,Switch,The Legend of Zelda: Link's Awakening,US,1800
2026-02-04,Switch,The Legend of Zelda: Link's Awakening,US,3600
2026-02-06,Switch,Kirby Air Riders,US,5400
2026-02-06,Switch,The Legend of Zelda: Link's Awakening,US,300
2026-02-07,Switch,Mario Kart World,US,3600
2026-02-07,Switch,Mario Kart World,US,900
2026-02-08,Switch,The Legend of Zelda: Link's Awakening,US,900
2026-02-08,Switch,Mario Kart World,US,2700
2026-02-25,Switch,Super Mario Odyssey,US,300
2026-02-28,Switch,Super Mario Odyssey,US,2700
2026-03-02,Switch,Mario Kart World,US,1800
2026-03-02,Switch,Super Mario Odyssey,US,900
2026-03-04,Switch,Super Mario Odyssey,US,1800
2026-03-07,Switch,Super Mario Odyssey,US,300
2026-03-14,Switch,Super Mario Odyssey,US,300
2026-03-17,Switch,Super Mario Odyssey,US,900
2026-04-03,Switch,Mario Kart World,US,3600
2026-04-13,Switch,Sonic Mania,US,300
2026-04-13,Switch,Super Mario Odyssey,US,900
2026-04-14,Switch,Mario Kart World,US,1800
2026-04-14,Switch,Sonic Mania,US,900
2026-04-15,Switch,Sonic Mania,US,900
2026-04-16,Switch,Mario Kart World,US,2700
2026-04-21,Switch,Sonic Mania,US,1800
2026-04-22,Switch,Sonic Mania,US,900
2026-04-23,Switch,Sonic Mania,US,900
2026-04-27,Switch,Sonic Mania,US,1800
2026-05-01,Switch,Sonic Mania,US,1800
2026-05-02,Switch,Sonic Mania,US,300
2026-05-03,Switch,Super Mario 3D World + Bowser's Fury,US,300
2026-05-04,Switch,Super Mario 3D World + Bowser's Fury,US,3600
2026-05-06,Switch,Super Mario 3D World + Bowser's Fury,US,300
2026-05-06,Switch,Sonic Mania,US,900
2026-05-07,Switch,Sonic Mania,US,300
2026-05-10,Switch,Super Mario 3D World + Bowser's Fury,US,300
2026-05-10,Switch,Sonic Mania,US,300
2026-05-25,Switch,Super Mario 3D World + Bowser's Fury,US,300
2026-05-25,Switch,Sonic Mania,US,1800
2026-05-28,Switch,Mina the Hollower,US,2700
2026-05-29,Switch,Mario Kart World,US,1800
2026-05-29,Switch,Mina the Hollower,US,900
2026-05-30,Switch,Mario Kart World,US,300
2026-05-30,Switch,Mina the Hollower,US,4500
2026-05-31,Switch,Mina the Hollower,US,5400
2026-06-01,Switch,Mina the Hollower,US,900
2026-06-04,Switch,Mario Kart World,US,900
2026-06-04,Switch,Mina the Hollower,US,300
2026-06-05,Switch,Mina the Hollower,US,1800
2026-06-12,Switch,Mario Kart World,US,1800
2026-06-12,Switch,Mina the Hollower,US,300
2026-06-18,Switch,Mina the Hollower,US,900
2026-06-26,Switch,Mario Kart World,US,2700
2026-06-28,Switch,Super Mario 3D World + Bowser's Fury,US,2700
2026-06-29,Switch,Super Mario 3D World + Bowser's Fury,US,8100
2026-07-02,Switch,Super Mario 3D World + Bowser's Fury,US,900
2026-07-03,Switch,Super Mario 3D World + Bowser's Fury,US,900
2026-07-04,Switch,Super Mario 3D World + Bowser's Fury,US,2700
2026-07-05,Switch,Super Mario 3D World + Bowser's Fury,US,300
2026-07-06,Switch,Super Mario 3D World + Bowser's Fury,US,300
2026-07-20,Switch,Super Mario 3D World + Bowser's Fury,US,1800
2026-07-22,Switch,Super Mario 3D World + Bowser's Fury,US,300
2026-07-25,Switch,Super Mario 3D World + Bowser's Fury,US,1800
2026-07-29,Switch,Super Mario 3D World + Bowser's Fury,US,900
2026-07-31,Switch,Super Mario 3D World + Bowser's Fury,US,900
2026-08-01,Switch,Super Mario 3D World + Bowser's Fury,US,2700
2026-08-03,Switch,Super Mario 3D World + Bowser's Fury,US,1800
2026-08-04,Switch,Super Mario 3D World + Bowser's Fury,US,300
2026-08-13,Switch,Mario Party Superstars,US,7200
2026-08-15,Switch,Super Mario 3D World + Bowser's Fury,US,300
2026-08-16,Switch,Big Walk,US,300
2026-08-16,Switch,Super Mario 3D World + Bowser's Fury,US,900
2026-08-19,Switch,Big Walk,US,7200
2026-08-25,Switch,Super Mario 3D World + Bowser's Fury,US,1800
